<?xml version="1.0" encoding="utf-8"?>
<SoundBanksInfo Platform="Windows" BasePlatform="Windows" SchemaVersion="12" SoundbankVersion="135">
	<RootPaths>
		<ProjectRoot>D:\Senior-Project\Senior Project\Senior Project_WwiseProject\</ProjectRoot>
		<SourceFilesRoot>D:\Senior-Project\Senior Project\Senior Project_WwiseProject\.cache\Windows\</SourceFilesRoot>
		<SoundBanksRoot>D:\Senior-Project\Senior Project\Senior Project_WwiseProject\GeneratedSoundBanks\Windows\</SoundBanksRoot>
		<ExternalSourcesInputFile></ExternalSourcesInputFile>
		<ExternalSourcesOutputRoot>D:\Senior-Project\Senior Project\Senior Project_WwiseProject\GeneratedSoundBanks\Windows</ExternalSourcesOutputRoot>
	</RootPaths>
	<DialogueEvents/>
	<StreamedFiles/>
	<MediaFilesNotInAnyBank/>
	<SoundBanks>
		<SoundBank Id="1355168291" Language="SFX" Hash="4164126623">
			<ObjectPath>Init</ObjectPath>
			<ShortName>Init</ShortName>
			<Path>Init.bnk</Path>
		</SoundBank>
		<SoundBank Id="3161908922" Language="SFX" Hash="1335967041">
			<ObjectPath>\SoundBanks\Default Work Unit\Main</ObjectPath>
			<ShortName>Main</ShortName>
			<Path>Main.bnk</Path>
			<IncludedEvents>
				<Event Id="3212575115" Name="Game_Start_Event" ObjectPath="\Events\Default Work Unit\Game_Start_Event" DurationType="Infinite">
					<IncludedMemoryFiles>
						<File Id="46701256" Language="SFX">
							<ShortName>WayTooMuchFunTracks\Track-4-Bass.wav</ShortName>
							<Path>SFX\WayTooMuchFunTracks\Track-4-Bass_D79FB2B7.wem</Path>
						</File>
						<File Id="307837311" Language="SFX">
							<ShortName>WayTooMuchFunTracks\Track-2-Snare Drum.wav</ShortName>
							<Path>SFX\WayTooMuchFunTracks\Track-2-Snare Drum_D79FB2B7.wem</Path>
						</File>
						<File Id="634054871" Language="SFX">
							<ShortName>WayTooMuchFunTracks\Track-7-Cowbell.wav</ShortName>
							<Path>SFX\WayTooMuchFunTracks\Track-7-Cowbell_D79FB2B7.wem</Path>
						</File>
						<File Id="635156882" Language="SFX">
							<ShortName>WayTooMuchFunTracks\Track-8-MOAR COWBELL.wav</ShortName>
							<Path>SFX\WayTooMuchFunTracks\Track-8-MOAR COWBELL_D79FB2B7.wem</Path>
						</File>
						<File Id="889116827" Language="SFX">
							<ShortName>WayTooMuchFunTracks\Track-6-Solo.wav</ShortName>
							<Path>SFX\WayTooMuchFunTracks\Track-6-Solo_D79FB2B7.wem</Path>
						</File>
						<File Id="991984914" Language="SFX">
							<ShortName>WayTooMuchFunTracks\Track-1-Bass Drum.wav</ShortName>
							<Path>SFX\WayTooMuchFunTracks\Track-1-Bass Drum_D79FB2B7.wem</Path>
						</File>
						<File Id="1026624132" Language="SFX">
							<ShortName>WayTooMuchFunTracks\Track-3-Cymbal.wav</ShortName>
							<Path>SFX\WayTooMuchFunTracks\Track-3-Cymbal_D79FB2B7.wem</Path>
						</File>
						<File Id="1066914197" Language="SFX">
							<ShortName>WayTooMuchFunTracks\Track-5-Chords.wav</ShortName>
							<Path>SFX\WayTooMuchFunTracks\Track-5-Chords_D79FB2B7.wem</Path>
						</File>
					</IncludedMemoryFiles>
				</Event>
				<Event Id="1566012757" Name="VI_Bass01" ObjectPath="\Events\Default Work Unit\VI_Bass01" DurationType="OneShot" DurationMin="0.000000" DurationMax="0.000000">
					<IncludedMemoryFiles>
						<File Id="25700626" Language="SFX">
							<ShortName>Track-4-Bass.wav</ShortName>
							<Path>SFX\Track-4-Bass_D79FB2B7.wem</Path>
						</File>
					</IncludedMemoryFiles>
				</Event>
				<Event Id="3991181389" Name="VI_BassDrum01" ObjectPath="\Events\Default Work Unit\VI_BassDrum01" DurationType="Infinite">
					<IncludedMemoryFiles>
						<File Id="812095860" Language="SFX">
							<ShortName>Track-1-Bass Drum.wav</ShortName>
							<Path>SFX\Track-1-Bass Drum_D79FB2B7.wem</Path>
						</File>
					</IncludedMemoryFiles>
				</Event>
				<Event Id="413502601" Name="VI_Chords01" ObjectPath="\Events\Default Work Unit\VI_Chords01" DurationType="Infinite">
					<IncludedMemoryFiles>
						<File Id="256753979" Language="SFX">
							<ShortName>Track-5-Chords.wav</ShortName>
							<Path>SFX\Track-5-Chords_D79FB2B7.wem</Path>
						</File>
					</IncludedMemoryFiles>
				</Event>
				<Event Id="2050860192" Name="VI_Cowbell01" ObjectPath="\Events\Default Work Unit\VI_Cowbell01" DurationType="Infinite">
					<IncludedMemoryFiles>
						<File Id="634054871" Language="SFX">
							<ShortName>WayTooMuchFunTracks\Track-7-Cowbell.wav</ShortName>
							<Path>SFX\WayTooMuchFunTracks\Track-7-Cowbell_D79FB2B7.wem</Path>
						</File>
					</IncludedMemoryFiles>
				</Event>
				<Event Id="2050860195" Name="VI_Cowbell02" ObjectPath="\Events\Default Work Unit\VI_Cowbell02" DurationType="Infinite">
					<IncludedMemoryFiles>
						<File Id="635156882" Language="SFX">
							<ShortName>WayTooMuchFunTracks\Track-8-MOAR COWBELL.wav</ShortName>
							<Path>SFX\WayTooMuchFunTracks\Track-8-MOAR COWBELL_D79FB2B7.wem</Path>
						</File>
					</IncludedMemoryFiles>
				</Event>
				<Event Id="3201313006" Name="VI_Cymbal01" ObjectPath="\Events\Default Work Unit\VI_Cymbal01" DurationType="Infinite">
					<IncludedMemoryFiles>
						<File Id="38553108" Language="SFX">
							<ShortName>Track-3-Cymbal.wav</ShortName>
							<Path>SFX\Track-3-Cymbal_D79FB2B7.wem</Path>
						</File>
					</IncludedMemoryFiles>
				</Event>
				<Event Id="3546710381" Name="VI_SnareDrum01" ObjectPath="\Events\Default Work Unit\VI_SnareDrum01" DurationType="Infinite">
					<IncludedMemoryFiles>
						<File Id="307837311" Language="SFX">
							<ShortName>WayTooMuchFunTracks\Track-2-Snare Drum.wav</ShortName>
							<Path>SFX\WayTooMuchFunTracks\Track-2-Snare Drum_D79FB2B7.wem</Path>
						</File>
					</IncludedMemoryFiles>
				</Event>
				<Event Id="3584147509" Name="VI_Solo01" ObjectPath="\Events\Default Work Unit\VI_Solo01" DurationType="Infinite">
					<IncludedMemoryFiles>
						<File Id="889116827" Language="SFX">
							<ShortName>WayTooMuchFunTracks\Track-6-Solo.wav</ShortName>
							<Path>SFX\WayTooMuchFunTracks\Track-6-Solo_D79FB2B7.wem</Path>
						</File>
					</IncludedMemoryFiles>
				</Event>
			</IncludedEvents>
			<GameParameters>
				<GameParameter Id="549677646" Name="Controller_Cowbell" ObjectPath="\Game Parameters\Default Work Unit\Controller_Cowbell"/>
				<GameParameter Id="1315107341" Name="Controller_Bass" ObjectPath="\Game Parameters\Default Work Unit\Controller_Bass"/>
				<GameParameter Id="2417179647" Name="Controller_SDrum" ObjectPath="\Game Parameters\Default Work Unit\Controller_SDrum"/>
				<GameParameter Id="2516872914" Name="Controller_Cymbal" ObjectPath="\Game Parameters\Default Work Unit\Controller_Cymbal"/>
				<GameParameter Id="2721311426" Name="Controller_BDrum" ObjectPath="\Game Parameters\Default Work Unit\Controller_BDrum"/>
				<GameParameter Id="3573041661" Name="Controller_Chords" ObjectPath="\Game Parameters\Default Work Unit\Controller_Chords"/>
				<GameParameter Id="3785382136" Name="Controller_Cowbell2" ObjectPath="\Game Parameters\Default Work Unit\Controller_Cowbell2"/>
				<GameParameter Id="4194816893" Name="Volume_Control" ObjectPath="\Game Parameters\Default Work Unit\Volume_Control"/>
				<GameParameter Id="4203175449" Name="Controller_Solo" ObjectPath="\Game Parameters\Default Work Unit\Controller_Solo"/>
			</GameParameters>
		</SoundBank>
	</SoundBanks>
</SoundBanksInfo>
